{
  "patients": [
    "chb01",
    "chb03",
    "chb05"
  ],
  "pacan_p_succ": [
    0.042,
    0.024,
    0.05
  ],
  "greedy_p_succ": [
    0.039,
    0.022,
    0.043
  ],
  "random_p_succ": [
    0.03,
    0.017,
    0.035
  ],
  "delta_p": [
    0.0030000000000000027,
    0.0020000000000000018,
    0.007000000000000006
  ],
  "mean_delta": 0.0040000000000000036,
  "pacan_wins": 3,
  "total_patients": 3,
  "note": "CHB02 excluded due to degenerate WC parameters (50 attractors, all P_succ\u22480%)"
}