{
  "patients": [
    "chb01",
    "chb02",
    "chb03",
    "chb05"
  ],
  "barriers_empirical": [
    3.370471906703262,
    2.6902161462410206,
    1.2556024804744048,
    0.9743532186865735
  ],
  "barriers_wc": [
    2.7044149089960285,
    2.7044149089960285,
    2.7044149089960285,
    2.7044149089960285
  ],
  "P_cross_empirical": [
    0.03437341247170155,
    0.06786626874743655,
    0.28490414732058866,
    0.37743639344071783
  ],
  "P_cross_wc": [
    0.19737516994166804,
    0.19737516994166804,
    0.19737516994166804,
    0.19737516994166804
  ],
  "mae_raw": 0.96478246982333,
  "mae_normalized": 0.1400252148855421
}